{"image":"assets/images/backgrounds/dashboard_organic_final.png","maxBubbles":12,"bubbles":[{"id":"intelligence","x":0.18,"y":0.22,"r":0.2,"state":"created","name":"intelligence","meta":{"enabled":true}},{"id":"weather_stats","x":0.12,"y":0.22,"r":0.2,"state":"created","name":"weather_stats","meta":{"enabled":true}},{"id":"statistique","x":0.51,"y":0.74,"r":0.2,"state":"created","name":"statistique","meta":{"enabled":true}},{"id":"calendar","x":0.29,"y":0.51,"r":0.2,"state":"created","name":"calendar","meta":{"enabled":true}},{"id":"activities","x":0.6,"y":0.41,"r":0.2,"state":"created","name":"activities","meta":{"enabled":true}},{"id":"weather","x":0.51,"y":0.31,"r":0.26,"state":"created","name":"weather","meta":{"enabled":true}},{"id":"settings","x":0.92,"y":0.06,"r":0.07,"state":"created","name":"settings","meta":{"enabled":true}},{"id":"garden_1","x":0.4,"y":0.58,"r":0.12,"state":"created","name":"garden_1","meta":{"enabled":true}},{"id":"garden_2","x":0.53,"y":0.58,"r":0.12,"state":"created","name":"garden_2","meta":{"enabled":true}},{"id":"garden_3","x":0.65,"y":0.58,"r":0.12,"state":"created","name":"garden_3","meta":{"enabled":true}},{"id":"garden_4","x":0.47,"y":0.64,"r":0.12,"state":"created","name":"garden_4","meta":{"enabled":true}},{"id":"garden_5","x":0.59,"y":0.64,"r":0.12,"state":"created","name":"garden_5","meta":{"enabled":true}}],"exportDate":"2025-12-24T06:16:03.310742","source":"organicZonesProvider (Riverpod)"}